{
  "comment": "This file is used to help set default values when using the dotnet CLI extension Amazon.ElasticBeanstalk.Tools. For more information run \"dotnet eb --help\" from the project root.",
  "profile": "Eurobrazil",
  "region": "us-east-2",
  "application": "plataforma",
  "environment": "Plataforma-dev",
  "cname": "plataforma-dev",
  "solution-stack": "64bit Windows Server Core 2019 v2.6.6 running IIS 10.0",
  "environment-type": "SingleInstance",
  "instance-profile": "aws-elasticbeanstalk-ec2-role",
  "service-role": "aws-elasticbeanstalk-service-role",
  "health-check-url": "/",
  "instance-type": "t2.small",
  "key-pair": "euroapp",
  "iis-website": "Default Web Site",
  "app-path": "/",
  "enable-xray": true
}